{
  "accuracy": 0.9505273731793069,
  "precision_macro": 0.8974055410519499,
  "precision_weighted": 0.9480541969553294
}